시도,시군구,치매센터유형,치매센터명,소재지도로명주소,주요치매관리프로그램소개,운영기관전화번호,위도,경도
전라북도,김제시,치매안심센터,김제시 치매안심센터,전라북도 김제시 성산길 138,인지재활프로그램인지강화프로그램쉼터카페제공치매치료비지원치매선별검사 및 진단검사 등,063-540-4978,35.8008084008,126.883339
충청남도,공주시,치매안심센터,공주시치매안심센터,충청남도 공주시 봉황로 123 공주시보건소 1층,"1. 치매조기검진2. 치매노인 지문등록3. 치매치료관리비 지원4. 조호물품(위생물품) 제공5. 치매예방교실6. 인지강화교실7. 인지재활프로그램8. 기타 인지자극 프로그램9. 헤아림 가족교실10. 치매가족 힐링 프로그램11. 치매공공후견 사업12. 치매어르신주간보호소 운영(위탁)13. 치매안심마을 운영14. 치매인식 개선 및 교육, 홍보 사업15. 배회가능 어르신 인식표 발급 및 GPS 운영",041-840-8811,36.4572932,127.1208348
세종특별자치시,조치원읍,치매안심센터,세종특별자치시 치매안심센터(조치원),세종특별자치시 조치원읍 수원지1길 16,"치매검진, 상담, 쉼터, 가족교실 프로그램 등 운영(기초)",044-301-2000,36.6072550614,127.300019556
세종특별자치시,다솜1로,치매안심센터,세종특별자치시 치매안심센터(어진동),세종특별자치시 다솜1로 31,"치매검진, 상담, 쉼터, 가족교실 프로그램 등 운영(기초)",044-301-2000,36.5019041611,127.256616339
세종특별자치시,조치원읍,광역치매센터,세종특별자치시광역치매센터,세종특별자치시 조치원읍 수원지1길 16,"치매기획, 연구, 교육, 기술지원사업(광역)",044-861-8540,36.6072550614,127.300019556
충청남도,아산시,치매안심센터,아산시치매안심센터,충청남도 아산시 번영로 216번길 18,"쉼터운영(인지재활,인지강화,치매예방프로그램)",041-537-3474,36.78291637,127.0140673
전라남도,나주시,치매안심센터,나주시 치매안심센터,전라남도 나주시 풍물시장2길 57-32,"치매 예방 프로그램, 인지강화 프로그램, 치매환자 쉼터 운영, 치매환자 가족 교실 운영",061-339-4786,34.9952282504,126.7082249081
서울특별시,도봉구,치매상담전화센터,도봉구치매지원센터,서울특별시 도봉구 마들로 650,"치매환자의 등록·관리, ?치매의 예방·교육 및 홍보, 치매조기검진",02-955-3591,37.6680283466,127.0470649989
경상북도,성주군,치매안심센터,성주군치매안심센터,경상북도 성주군 성주읍 성밖숲길12,인지강화및치매환자교실 운영 등,054-930-8191,35.917407,128.2785293
경상남도,함안군,치매안심센터,함안군 치매안심센터,경상남도 함안군 군북면 함마대로 768-3,치매예방교육조기검진사업치매환자 등록관리치매치료관리비 지원인지재활프로그램치매환자가족교육,055-580-3202,35.2639061,128.3428857
강원도,화천군,치매안심센터,화천군치매안심센터,강원도 화천군 화천읍 강변로 111,"치매검사, 원격진료, 주간재활프로그램 운영",033-440-2809,38.1073412292,127.709121
강원도,양구군,치매안심센터,양구군치매안심센터,강원도 양구군 양구읍 관공서로 42,"치매환자 쉼터, 치매 검진, 사례관리 등",033-480-2808,38.1099462889,127.9892064797
인천광역시,강화군,치매안심센터,강화군치매안심센터,인천광역시 강화군 강화읍 충렬사로 26-1,치매 무료 상담 및 무료치매검사 등,032-930-4057,37.73723039,126.4847095
대전광역시,중구,치매안심센터,대전광역시 중구 치매안심센터,대전광역시 중구 중앙로 100,치매환자 등록 관리+가족교육+예방교육+치매검사+인지훈련 등,042-288-8180,36.32557502,127.4212953
서울특별시,관악구,치매안심센터,관악구치매안심센터,서울특별시 관악구 관악로 145 관악구청 별관 3층,치매조기검진 및 등록관리+치매예방 및 인식개선+치매의료비 지원+인지건강프로그램 및 치매환자쉼터 운영+치매환자 가족지원,02-879-4910,37.47864563,126.9509331
강원도,정선군,치매안심센터,정선군치매안심센터,강원도 정선군 정선읍 녹송로 33,치매상담 및 등록+치매조기검진사업+치매예방교실+치매환자쉼터+치매가족교실+치매치료비지원+치매환자조호물품지원+치매인식개선사업 등,033-560-2565,37.38005958,128.6714859
경기도,광명시,치매안심센터,광명시치매안심센터,경기도 광명시 오리로 613,치매조기검진+치매극복의날 기념행사+치매서포터즈양성+치매안심마을 운영+치매인지프로그램운영 등,02-2680-6546,37.45541099,126.8781639
경상남도,거창군,치매안심센터,거창군치매안심센터,경상남도 거창군 거창읍 거함대로 3079,치매환자 상담 및 등록 관리+치매 조기검진 및 진단+치매치료관리비 지원+치매환자 조호물품지원+노인성 질환자 위생용품 지원+치매 실종예방·배회감지기 지원+치매 안심 프로그램 운영 치매파트너 양성+치매극복 선도기관 지정+치매환자 공공 후견 지원+인식개선 및 홍보 사업+치매예방교육 등,055-940-7912,35.6809363,127.8987274
경기도,부천시,치매안심센터,부천시치매안심센터,경기도 부천시 길주로 410,치매환자의 등록·관리+치매의 예방·교육 및 홍보+치매조기검진,032-625-4423,37.50363121,126.7880203
전라남도,영광군,치매안심센터,영광군치매안심센터,전라남도 영광군 영광읍 신남로4길 17,치매 조기검진+진단검사+치료관리비 및 검사비 지원+치매예방교실+인지강화교실+쉼터+치매환자가족모임 운영+조호물품 지원+사례관리 등,061-350-4806,35.274681,126.504163
경기도,화성시,치매안심센터,화성시치매안심센터 동탄분소,경기도 화성시 노작로 226-9,치매조기검진사업+치매인식개선 및 예방사업+가족교육사업+쉼터 운영사업,031-5189-4361,37.2070698,127.0786007
부산광역시,중구,치매안심센터,중구치매안심센터,부산광역시 중구 흑교로 48 중구복합건강센터 2층,치매초기상담+조기검진+1:1 사례관리+치매치료비지원 등,051-600-4688,35.103775,129.025356
충청북도,증평군,치매안심센터,증평군치매안신셈터,충청북도 증평군 증평읍 보건복지로 64-1,치매 기억력 검진+치매환자 인지재활 프로그램+치매환자 가족교실+자조모임+치매 예방교육+치매안심마을 조성,043-835-4782,36.77424904,127.5867247
서울특별시,영등포구,치매안심센터,영등포구치매안심센터,서울특별시 영등포구 당산로 29길 9,"치매예방 및 인식개선(교육, 홍보)치매조기검진(선별검진, 정밀검진)치매예방등록사업(상담 및 사례관리, 환자 및 가족 지원, 인지건강 프로그램 운영)치매치료비 및 원인확진검사비 지원(저소득 치매환자)치매지역사회 지원강화(지역사회 인적, 물적 자원 연계)치매통합관리 정보시스템 구축 운영",02-831-0855,37.525994,126.893979
경상북도,의성군,치매안심센터,의성군치매안심센터,경상북도 의성군 의성읍 구봉길 228,무료 치매검사+치매 극복의 날 기념행사+인식개선 홍보+가족지지 프로그램 운영+1:1 맞춤형 사례 관리 치매 홍보 서포터스 운영+치매 보듬 마을 운영+우리 마을 예쁜 치매 쉼터 운영 등,054-830-6699,36.345603,128.6976946
경상북도,영덕군,치매안심센터,영덕군치매안심센터,경상북도 영덕군 영덕읍 군청길 53,치매조기검진+치매환자 사례관리+치매 프로그램 운영+치매치료관리비 지원+치매인식개선사업,054-730-7177,36.4135451232,129.3735579543
경기도,김포시,치매안심센터,김포시치매안심센터,경기도 김포시 사우중로73번길 52(래미안프라자 4층),치매선별검사+치매예방 및 인지저하 프로그램+치매안심마을 운영+치매극복 선도학교 운영+치매치료관리비+치매공공후견인+조호물품제공,031-5186-4169,37.6230817675,126.7211345997
울산광역시,중구,치매안심센터,울산중구치매안심센터,울산광역시 중구 외솔큰길 225 중구보건소 2층,"무료치매선별검사, 치매예방 인지건강프로그램, 치매예방 가족교육 등",052-290-4366,35.5694483,129.3504562
경기도,의정부시,치매안심센터,의정부시보건소 치매상담센터,경기도 의정부시 범골로 128 다다원빌딩 3층,무료치매선별검사+ 치매상담+ 치매예방교육+ 재가치매환자 조호물품 지원+ 치매치료관리비 지원+ 치매 극복의 날 기념행사 등,031-870-6121,37.73553403,127.0396452
경상남도,함양군,치매안심센터,함양군 치매안심센터,경상남도 함양군 함양읍 한들로 141,치매조기검진+치매환자상담 및 등록관리+조호물품제공+집중사례관리+인지재활프로그램운영+치매가족모임운영+치매인식개선사업+치매환자실종예방사업 등,055-960-8070,35.5196763,127.731782
전라북도,익산시,치매상담전화센터,익산시치매상담센터,전라북도 익산시 선화로 255 (국민생활관 2층),"치매환자 등록관리, 치매조기검진, 치매치료비 지원,인지증진프로그램, 치매환자 가족지지모임 등",063-859-4085,35.94545821,126.9583129
서울특별시,강북구,치매안심센터,강북구치매지원센터,서울특별시 강북구 삼양로19길 154 삼각산분소 2층,조기검진+쉼터+가족지원+인식개선 등치매검진+치매치료비+조호물품+배회인식표+가족모임+인지건강센터+기억친구 등,02-991-9830,37.61704648,127.0156528
서울특별시,강북구,치매안심센터,강북구치매지원센터,서울특별시 강북구 삼양로476 스마트빌딩 1층,경도치매군 인지재활 프로그램+조기검진+조호물품+사례관리+봉사단체운영및지역자원연계 등,02-991-9830,37.64580812,127.015664
울산광역시,동구,치매안심센터,울산광역시 동구보건소 치매안심센터,울산광역시 동구 봉수로 155,쉼터 운영+인지강화 및 인지재활 프로그램+힐링프로그램+자조모임,052-209-4060,35.50506971,129.4164300357
울산광역시,남구,치매안심센터,울산광역시 남구보건소 치매안심센터,울산광역시 남구 삼산중로 132,상담 및 등록관리사업+조기검진사업+쉼터운영사업+가족지원사업+치매인식개선홍보사업,052-226-2323,35.54535759,129.3363268
울산광역시,중구,치매안심센터,울산광역시 중구보건소 치매안심센터,울산광역시 중구 외솔큰길 225,무료치매선별검사+치매예방 인지건강프로그램+치매예방 가족교육 등,052-290-4366,35.5694483,129.3504562
울산광역시,북구,치매안심센터,울산광역시 북구보건소 치매안심센터,울산광역시 북구 산업로 1018,치매조기검진 및 치매환자 등록관리+교육지원,052-241-8257,35.58356886,129.3607274
울산광역시,울주군,치매안심센터,울산광역시 울주군보건소 치매안심센터,울산광역시 울주군 웅촌면 은현작동로 49,치매조기검진 및 진단검사+치매안심마을 운영+치매공공후견사업+치매 상담 및 등록+단기쉼터 운영+치매예방프로그램 운영+치매인식개선홍보 등,052-204-2878,35.4569102,129.1768128
서울특별시,마포구,치매안심센터,마포구치매안심센터,"서울특별시 마포구 대흥로 24길 50, 3층",치매예방 및 인식개선 사업+치매 조기검진 사업+치매 예방 등록 관리 사업+치매 치료비 및 원인 확진 검사비 지원,3272-1578,37.55484369,126.9486358
경기도,화성시,치매안심센터,화성시치매안심센터,경기도 화성시 향남읍 상신초교길 52,치매조기검진사업+치매인식개선 및 예방사업+가족교육사업+쉼터 운영사업,031-5189-6647,37.09407248,126.9011824
부산광역시,사상구,치매안심센터,사상구치매안심센터,부산광역시 사상구 학감대로 242(감전동),치매환자 등록 관리+중증치매노인공공후견+사례관리+치매치료관리비 지원+치매조기검진+치매환자 쉼터 및 가족지원+치매 인식 개선을 위한 홍보 캠페인 등,051-310-3363,35.15254918,128.9914565
서울특별시,양천구,치매안심센터,양천구치매안심센터,"서울특별시 양천구 남부순환로 407, 4층(신월동, 신월보건지소)",치매검사+치매 상담 및 등록관리+치매가족지원+치매인식개선+인지강화 및 치매예방교실 운영 등,02-2698-8680,37.53133859,126.831824
울산광역시,울주군,치매안심센터,울주치매안심센터,울산광역시 울주군 웅촌면 은현작동로 49,"치매 상담 및 등록, 치매조기검진, 치매예방프로그램 운영, 치매인식개선홍보, 치매안심마을 운영, 치매공공후견사업,  단기쉼터 운영  등",052-204-2878,35.45690394,129.176837
경기도,과천시,치매안심센터,경기도 과천시 치매안심센터,"경기도 과천시 관문로 69, 과천시보건소 별관 1층",치매상담+등록관리+조기검진+단기쉼터운영+가족지원사업+실종예방지원사업+인식개선사업+조호물품 지원+치매치료관리비 지원+치매예방교실운영+치매가족교실+치매파트너 교육+치매공공후견인 발굴+식이섭취 장애개선사업+치매안심마을 운영+맞춤형사례관리+고위험군 인지강화교실 운영 등,02-2150-3571,37.43020067,126.9867943
인천광역시,서구,치매안심센터,서구치매안심센터,"인천광역시 서구 봉오재3로94번길11, 5층",치매 선별검사 및 진단검사+치매 예방 프로그램+치매환자 인지재활 프로그램+치매 인식개선 홍보+치매환자 돌봄 지원,032-718-0630,37.52682789,126.6704777
충청남도,서산시,치매안심센터,서산시보건소 치매센터,"충청남도 서산시 호수공원6로 6, 서산시보건소(예천동)",치매조기검진+치매안심센터프로그램 운영+치매환자 맞춤형 사례관리+치매환자 조호물품 및 치매치료관리비 지원,041-661-8100,36.77457668,126.4445156
서울특별시,서초구,치매안심센터,서초구치매안심센터,"서울특별시 서초구 염곡말길 9, 4층(염곡동, 내곡느티나무쉼터)","무료치매검사, 고도화장비기반 치매검사, 인지건강프로그램, 치매환자 가족교육 및 지지프로그램, 안심하우스 및 기억키움학교 운영, 치매 홍보서포터즈 운영 등",02-591-1833,37.46182487,127.0506972
충청남도,홍성군,치매안심센터,홍성군치매안심센터,충청남도 홍성군 홍성읍 문화로 106,등록+조기검진+인지재활+강화프로그램,041-630-9076,36.59664192,126.6630613
서울특별시,강동구,치매안심센터,강동구치매안심센터,서울특별시 강동구 성내로 45,"치매예방및인식개선,치매조기검진,치매및고위험인지재활프로그램(인지건강센터),경증치매노인기억키움학교프로그램,치매치료비지원,치매지역자원강화 등",02-489-1130,37.52954199,127.1255855
경기도,고양시,치매안심센터,덕양구보건소치매안심센터,"경기도 고양시 덕양구 화중로104번길26, 4층",치매선별검사 및 진단검사 실시+치매환자등록ㆍ조호물품ㆍ치매치료관리비 지원+경증 치매환자 쉼터 운영+치매예방 프로그램 운영+치매 안심마을 운영+치매 인식개선사업+치매환자 실종예방사업,031-8075-4800,37.63580649,126.8325252
경기도,고양시,치매안심센터,일산동구보건소치매안심센터,경기도 고양시 일산동구 중앙로 1228,치매선별검사 및 진단검사 실시+치매환자등록ㆍ조호물품ㆍ치매치료관리비 지원+경증 치매환자 쉼터 운영+치매예방 프로그램 운영+치매 안심마을 운영+치매 인식개선사업+치매환자 실종예방사업,031-8075-4850,37.65597924,126.7761487
경기도,고양시,치매안심센터,일산서구보건소치매안심센터,경기도 고양시 일산서구 고양대로 688,치매선별검사 및 진단검사 실시+치매환자등록ㆍ조호물품ㆍ치매치료관리비 지원+경증 치매환자 쉼터 운영+치매예방 프로그램 운영+치매 안심마을 운영+치매 인식개선사업+치매환자 실종예방사업,031-8075-4871,37.68363562,126.772353
충청남도,부여군,치매안심센터,부여군 치매안심센터,충청남도 부여군 부여읍 성왕로 205,"치매노인 등록 및 관리, 치매노인 및 보호자에 대한 상담, 지원, 치매조기검진, 치매치료관리비 지원 및 치매환자 사례관리, 치매인지재활 프로그램, 치매가족교실 및 자조모임 등",041-830-8735,36.28305231,126.9093363
경상북도,문경시,치매안심센터,문경시치매안심센터,경상북도 문경시 점촌1길 13 1층,치매조기검진사업+치매쉼터운영+치매보듬마을운영+치매조호물품지원+치매치료비지원+실종노인 발생예방 및 찾기 사업+치매공공후견사업+치매환자 맞춤형 사례관리사업+치매예방관리사업+치매가족 및 보호자 지원사업+배회가능 어르신 인식표 보급 사업+치매인식개선사업+치매파트너사업+치매안심센터 분소 설치 및 운영,054-555-2033,36.596348,128.198008
경상남도,하동군,치매안심센터,하동군치매안심센터,경상남도 하동군 횡천면 경서대로 1189,1.치매상담등록관리2.치매조기검진3.사례관리4.가족지원사업5.인지강화 및 예방프로그램운영6.치매파트너 및 등대지기 양성 등,055-880-6850,35.1097955,127.815102
전라남도,순천시,치매안심센터,순천시치매안심센터,전라남도 순천시 중앙로 232,"인지재활프로그램, 기억력 검사 등",061-749-8888,34.966691,127.4860721
전라남도,진도군,치매안심센터,진도군치매안심센터,전라남도 진도군 진도읍 남동1길 40-9,치매조기검진 및 등록관리+인지건강프로그램 등,061-540-6065,34.480308,126.2629491
경기도,구리시,치매안심센터,구리시 치매안심센터,경기도 구리시 건원대로 34번길 84 구리시보건소 4층,"치매쉼터 운영, 치매조기검진, 치매조기검진, 인지재활프로그램 운영, 가족카페 운영",031-550-8613,37.60477675,127.1450794
경상북도,경주시,치매안심센터,경주시 치매상담센터,경상북도 경주시 봉황로 178,"치매조기검진, 치매치료비지원, 치매쉼터운영, 치매가족프로그램 운영, 치매예방교육 및 상담, 치매인식개선사업, 치매보듬마을 조성",054-760-2950,35.85535748,129.2105107
울산광역시,북구,치매안심센터,울산광역시북구치매안심센터,울산광역시 북구 산업로 1018,치매 조기검진 및 치매환자 등록관리+교육지원,052-241-8257,35.58355486,129.3607258
강원도,삼척시,치매안심센터,삼척시치매안심센터,강원도 삼척시 척주로 76,"치매조기검진, 치매환자 등록관리, 치매예방교실, 치매환자 쉼터 운영 등",033-570-4327,37.44374981,129.172207
충청북도,영동군,치매안심센터,영동군치매안심센터,충청북도 영동군 영동읍 반곡동길 7,치매예방교실  인지강화교실+쉼터,043-740-5941,36.16849628,127.7759673
충청남도,금산군,치매안심센터,금산군치매안심센터,충청남도 금산군 금산읍 비범1길 5 1층,치매상담+등록관리+조기검진+인지재활프로그램+치매치료관리비지원+치매주간보호센터 운영 등,041-750-4173,36.1095223,127.4934473
강원도,속초시,치매안심센터,속초시치매안심센터,강원도 속초시 수복로 36,"치매조기검진, 어울림 쉼터 인지재활 프로그램, 가정방문 인지강화 프로그램, 경로당 치매예방 프로그램, 치매가족  헤아림 프로그램,치매가족 헤아림 교육, 자조모임 사랑회 운영, 치매치료관리비 지원",033-639-2778,38.196194,128.5759527
서울특별시,종로구,치매안심센터,종로구 치매안심센터,서울특별시 종로구 평창문화로 50,"치매예방 및 인식개선사업,치매조기검진 사업,치매예방등록관리 사업,저소득층 치매치료비 및 원인확진검사비 지원 사업,치매지역사회자원강화 사업 등",02-3675-9001,37.60542184,126.9669268
전라남도,화순군,치매안심센터,화순군치매안심센터,전라남도 화순군 화순읍 충의로 40,"치매선별검사, 치매예방프로그램, 치매인지재활프로그램, 치매가족 지원, 치매치료관리비 지원 등",061-379-5317,35.055391,126.982021
충청남도,서천군,치매안심센터,치매안심센터,충청남도 서천군 서천읍 사곡길 20-2,"치매조기검진, 치매환자가족지원",041-950-6741,36.0817289,126.6887353
대구광역시,수성구,치매안심센터,치매안심센터,대구광역시 수성구 수성로 213,"치매조기검진, 치매환자 및 가족 프로그램운영, 인식개선활동 및 홍보 등",053-666-3181,35.84495927,128.6119385
전라북도,순창군,치매안심센터,순창군 치매안심센터,전라북도 순창군 순창읍 교성로 135,찾아가는 경로당 치매예방교실+치매고위험군 인지증진프로그램+치매가족지지 프로그램 헤아림+치매조기검진,063-650-5247,35.36710476,127.1436245
인천광역시,동구,치매안심센터,인천광역시 동구 치매안심센터,인천광역시 동구 방축로 193,상담 및 등록관리+치매 조기검진+치매예방관리+치매환자 쉼터 운영+치매지원 서비스+치매가족 및 보호자 지원사업+치매 인식개선 및 교육·홍보 사업+치매 안심마을 운영,032-772-6307,37.479893,126.666572
인천광역시,동구,치매안심센터,인천광역시 동구 구립 치매전담형 주간보호센터 동구동락,인천광역시 동구 방축로 193,치매환자 신체활동 지원+기능 회복훈련+건강 및 간호관리+인지관리+치매환자와 가족에 대한 교육 및 지원,032-575-0019,37.479893,126.666572
대전광역시,대덕구,치매안심센터,대전광역시 대덕구 치매안심센터,"대전광역시 대덕구 동춘당로 187, 3층",무료 치매검사+치매 가족교육+치매 예방교육+조호물품 제공+인지훈련 등,042-608-5499,36.367296,127.430828
경기도,오산시,치매안심센터,오산시치매안심센터,경기도 오산시 경기동로59,"치매환자 등록관리, 치매조기검사, 치매극복의날 기념행사, 치매예방프로그램, 인지재활프로그램, 가족헤아림교실, 치매안심마을운영 등",031-8036-6633,37.159323,127.0778335
전라남도,구례군,치매안심센터,구례군치매안심센터,전라남도 구례군 구례읍 동편제길 30,치매쉼터프로그램+치매예방교실+인지강화 교실,061-780-2023,35.21607284,127.4617801
서울특별시,광진구,치매안심센터,광진구치매안심센터,"서울시 광진구 긴고랑로110, 중곡종합건강센터 3층","치매조기검진, 맞춤형 인지프로그램 운영, 사례관리, 조호물품 지원, 치매치료비지원, 치매공공후견사업, 기억키움쉼터 및 가족카페 운영",02-450-1381,37.55933917,127.0870892
강원도,영월군,치매안심센터,강원도 영월군 치매안심센터,강원도 영월군 영월읍 하송로 46-43,"인지재활프로그램, 가족교실(헤아림),치매예방 프로그램 운영 등",033-372-4000,37.18544643,128.461674
강원도,횡성군,치매안심센터,횡성군보건소,강원도 횡성군 횡성읍 횡성로 379,인지재활프로그램,033-340-5653,37.4871296,127.9844504
인천광역시,부평구,치매안심센터,부평구치매안심센터,인천광역시 부평구 주부토로 65,"치매조기선별검진,진단검사,인지건강프로그램운영등",032-509-1308,37.500824,126.7249025784
전라남도,목포시,치매안심센터,목포시치매안심센터,"전라남도 목포시 수문로 32, 트윈스타 3층 목포시치매안심센터(남교동)","등록관리, 프로그램 운영 등",061-270-4271,34.7931322,126.3829337
광주광역시,광산구,치매안심센터,광산구치매안심센터,광주광역시 광산구 용아로379번길 77(산정동) 치매안심센터 1층,치매조기검진+치매인지프로그램+치매환자가족 자조모임+치매인식개선 홍보 등 치매통합서비스 제공,062-960-6930,35.17615122,126.800243
경상북도,영천시,치매안심센터,영천시치매안심센터,경상북도 영천시 옛군청 1길 31,치매선별검사+치매예방홍보+치매서포터즈운영+치매진단검사+인지재활프로그램 운영+치매치료관리비 지원+치매대상자 사례관리+치매대상자 실종예방 배회인식표 발급 및 지문등록,054-339-7845,35.9687455,128.9324014
충청북도,보은군,치매안심센터,보은군치매안심센터,충청북도 보은군 보은읍 임업길 22,인지재활프로그램+예방프로그램+쉼터운영,043-540-5642,36.48703402,127.7155518
강원도,홍천군,치매안심센터,홍천군치매안심센터,강원도 홍천군 홍천읍 홍천로 1길 9,치매조기검진+등록+조호물품 제공+원격진료+치매치료관리비 지원사업+치매환자 쉼터프로그램+인지강화프로그램+가족모임 운영 등,033-430-4033,37.68993303,127.8755482
경상북도,구미시,치매안심센터,구미치매안심센터,경상북도 구미시 지산11길 8-1,치매환자 등록 및 상담+맞춤형 사례관리+치매조기검진+치매환자쉼터 및 예방교실+치매가족지원사업+치매인식개선사업 등,054-480-4882,36.139463,128.3455203
경상북도,구미시,치매안심센터,구미시선산치매안심센터,경상북도 구미시 선산읍 선주로 121,치매환자 등록 및 상담+맞춤형 사례관리+치매조기검진+치매환자쉼터 및 예방교실+치매가족지원사업+치매인식개선사업 등,054-480-4352,36.24417904,128.2999491
전라북도,남원시,치매안심센터,남원시 치매안심센터,전라북도 남원시 요천로 1285,치매조기검진+맞춤형 사례관리+치매치료관리비지원+조호물품 지원+치매환자 가족지원사업+치매 극복의 날 기념행사+치매 홍보서포터즈 운영,063-620-5530,35.39783844,127.3639897
경기도,평택시,치매안심센터,송탄치매안심센터,경기도 평택시 경기대로 1366 송탄치매안심센터,조기검진+예방관리 프로그램+조호물품 등 치매등록지원+가족지원 등,031-8024-7300,37.065558,127.065785
경기도,연천군,치매안심센터,연천군치매안심센터,경기도 연천군 전곡읍 은대성로 95,"치매조기검진, 치매치료비지원, 치매예방관리사업 등",031-839-4165,38.02353445,127.0609628
충청남도,예산군,치매안심센터,충청남도 예산군 치매안심센터,충청남도 예산군 예산읍 군청로 22,기억키움교실,041-339-6140,36.68088054,126.8448507
전라북도,임실군,치매안심센터,임실군치매안심센터,전라북도 임실군 임실읍 호국로 1680,치매상담 및 등록관리 사업+치매 인식개선 및 예방 사업+쉼터 및 가족지원 사업+치매환자 맞춤형 집중사례관리+치매환자 배회감지기 지원,063-640-3373,35.6124995,127.2869773
경상북도,경산시,치매안심센터,치매안심센터,경상북도 경산시 남매로 158,"치매선별검진, 우리마을 예쁜 치매쉼터",053-810-6403,35.82511247,128.7432823
경상북도,영주시,치매안심센터,경상북도영주시치매안심센터,경상북도 영주시 영주로159번길 73,치매예방교실+고위험군 인지강화교실+치매환자쉼터+찾아가는 치매예방교실+치매환자 가족교실+치매가족 자조모임+치매가족 힐링프로그램 등,054-639-5733,36.82876293,128.6159883
전라남도,보성군,치매안심센터,보성군치매안심센터,전라남도 보성군 보성읍 갱맹골길 206,치매조기검진 및 등록 관리+치매예방교실+조호물품제공 등,061-850-8695,34.7664558,127.071271
충청북도,단양군,치매안심센터,단양군치매안심센터,충청북도 단양군 단양읍 수변로 83,인지재활,043-420-3201,36.98284257,128.3707522
충청남도,논산시,치매안심센터,논산시치매안심센터,충청남도 논산시 논산대로 408,치매조기검진+치매예방교육+치매환자등록관리+치매환자 가족교실 및 자조모임+치매환자 쉼터운영 등,041-746-6921,36.19653553,127.1047397
경상남도,창원시,치매안심센터,마산보건소 치매안심센터,경상남도 창원시 마산합포구 월영동북로15,"치매인지재활, 치매가족모임",055-225-5993,35.18239943,128.562816
충청북도,옥천군,치매안심센터,옥천군치매안심센터,충청북도 옥천군 옥천읍 가화4길 18,치매조기검진+치매환자 및 가족지원사업+치매인식개선 홍보 및 교육,043-730-2158,36.30508487,127.5612257
경기도,의왕시,치매안심센터,의왕시치매안심센터,경기도 의왕시 오봉로 34,"치매조기검진사업, 쉼터 운영, 가족교실, 인지강화교육, 치매 치료비지원, 치매인식개선, 치매안심마을 운영",031-345-3851,37.34378787,126.9719939
경상남도,김해시,치매안심센터,치매안심센터 주촌분소,경상남도 김해시 주촌면 주선로 29-1 2층,인지재활프로그램,055-320-5971,35.23477742,128.8457571
경상남도,김해시,치매안심센터,김해시치매안심센터,경상남도 김해시 분성로727번길 8-35 1층,인지재활프로그램,055-320-5961,35.2300251,128.9224445
전라남도,여수시,치매안심센터,여수시치매안심센터,전라남도 여수시 신월로 794,치매선별검사(MMSE-DS)+치매조기검진비 지원+치매치료관리비 지원+치매배회어르신 관리+치매파트너모집+인지재활프로그램,061-659-5440,34.73912089,127.7260546
전라북도,무주군,치매안심센터,무주군치매안심센터,전라북도 무주군 무주읍 한풍루로413,치매예방+인지강화+인지재활,063-320-8601,36.005882,127.6716991
경상북도,울릉군,치매안심센터,울릉군치매안심센터,경상북도 울릉군 울릉읍 울릉순환로 396-18,치매치료관리비지원,054-790-6827,37.48590672,130.8994626301
충청남도,천안시,치매안심센터,서북구치매안심센터,충청남도 천안시 서북구 서부8길 29,치매조기검진+인지재활+쉼터+가족지원사업 등,041-521-5740,36.8197764,127.1398813
충청남도,천안시,치매안심센터,동남구치매안심센터,충청남도 천안시 동남구 버들로 40,치매조기검진+인지재활+쉼터+가족지원사업 등,041-521-3343,36.80718993,127.1514636
제주특별자치도,서귀포시,치매안심센터,서귀포시서부보건소치매안심센터,제주특별자치도 서귀포시 대정읍 최남단해안로 15번길 12,등록관리. 조기검진. 단기쉼터 및 치매 카페 운영. 치매 인식개선 및 홍보. 치매치료관리 지원 등,064-760-6249,33.21867302,126.2532449
제주특별자치도,서귀포시,치매안심센터,서귀포보건소치매안심센터,제주특별자치도 서귀포시 중앙로101번길 52,등록관리. 조기검진. 단기쉼터 및 치매 카페 운영. 치매 인식개선 및 홍보. 치매치료관리 지원 등,064-760-6031,33.2534258,126.5553625
제주특별자치도,서귀포시,치매안심센터,서귀포시동부보건소치매안심센터,제주특별자치도 서귀포시 남원읍 태위로 527,등록관리. 조기검진. 단기쉼터 및 치매 카페 운영. 치매 인식개선 및 홍보. 치매치료관리 지원 등,064-760-6141,33.27562882,126.7034172
경상북도,칠곡군,치매안심센터,칠곡군치매안심센터,경상북도 칠곡군 왜관읍 관문로 1길 30,"치매검진, 맞춤형 사례관리, 예방 및 인지강화 프로그램, 가족지원 사업, 홍보 및 교육 등",054-973-4000,35.9907079722,128.4186405794
대구광역시,달성군,치매안심센터,달성군치매안심센터,대구광역시 달성군 현풍읍 현풍중앙로27,"치매선별검사, 치매예방프로그램, 치매인지재활프로그램 등",053-668-3841,35.6920062392,128.4462105423
충청북도,음성군,치매안심센터,음성군치매안심센터,충청북도 음성군 음성읍 중앙로 49,치매조기검진 및 치매관련 프로그램 운영 등,043-872-2136,36.928899,127.688876
충청남도,태안군,치매안심센터,태안군치매안심센터,충청남도 태안군 태안읍 서해로 1952-16,"치매환자 등록관리, 조호물품 지원, 치료관리비 지원,쉼터프로그램 운영, 조기검진, 치매예방 교육 등",041-671-5228,36.7518786,126.3231987
대구광역시,중구,치매안심센터,대구광역시중구치매안심센터,대구광역시 중구 태평로 45,"선별검사, 진단검사, 상담, 치매예방교육, 기억쉼터 운영 및 인지재활프로그램, 가족교실 운영, 맞춤형사례관리 등",053-661-3911,35.877906061,128.5833354604
경상남도,사천시,치매안심센터,사천시치매안심센터,경상남도 사천시 중앙로 212(벌리동),"치매조기검진 및 등록사업, 사례관리, 치매치료관리비 지원, 조호물품제공, 치매환자 쉼터 및 가족카페 운영, 치매인식개선 및 교육홍보, 치매어르신 실종예방 사업 등",055-831-5861,34.94435219,128.0811474
경상남도,창원시,치매안심센터,창원보건소 치매안심센터,경상남도 창원시 성산구 마디미로73번길 10,"치매인지재활, 치매가족모임",055-225-5794,35.21832577,128.6823024
경상남도,창원시,치매안심센터,진해보건소 치매안심센터,경상남도 창원시 진해구 중원동로 62,"치매인지재활, 치매가족모임",055-225-6692,35.149898,128.661939
경상북도,김천시,치매안심센터,김천시치매안심센터,경상북도 김천시 체육공원길 21,치매조기검진사업 및 치매치료관리비지원사업 등,054-421-2960,36.11973266,128.1445272
경기도,양주시,치매안심센터,양주시 치매안심센터,경기도 양주시 화합로1426번길 90,"치매조기검진, 치매예방프로그램, 치매환자 쉼터, 치매가족지원사업, 치매약제비 지원, 조호용품등 지원",031-8082-7147,37.83814235,127.0680351
경기도,양주시,치매안심센터,양주시 서부 치매안심센터(분소),경기도 양주시 광적면 부흥로 618번길 303,"치매조기검진, 치매예방프로그램, 치매환자 쉼터, 치매가족지원사업, 치매약제비 지원, 조호용품등 지원",031-8082-4388,37.81249969,126.9723072
서울특별시,성동구,치매안심센터,서울특별시 성동구 치매안심센터,서울특별시 성동구 왕십리로5길 3 (성수1가제2동 공공복합청사 5층),"치매검진, 치매예방등록관리, 지역사회자원 강화",02-499-8071,37.546403,127.0443496552
충청북도,충주시,치매안심센터,충주시치매안심센터,충청북도 충주시 사직산21길 34,"치매조기검진,맞춤형사례관리,치매환자쉼터운영,가족교실운영,치매예방프로그램운영",043-850-1780,36.97085167,127.9280135
경상북도,상주시,치매안심센터,상주시치매안심센터,경상북도 상주시 중앙로 111,무료치매검사,054-537-6514,36.41690111,128.1499972
대구광역시,북구,치매안심센터,대구북구치매안심센터,"대구광역시 북구 성북로49, 5층","치매조기검진, 치매치료관리비지원, 조호물품 제공, 치매예방프로그램, 가족지원 등",053-665-3135,35.8918696,128.588898
대전광역시,서구,치매안심센터,대전서구치매안심센터,대전광역시 서구 둔산서로100 + 건강체련관3층,치매환자인지재활프로그램+고위험군인지강화교실+치매예방교실+찾아가는경로당치매예방교실+치매예방교육+치매파트너및플러스사업+가족교실+가족자조모임+선별검사및진단검사+치매치료관리비지원+조호물품지원+배회가능어르신인식표제공+지문등사전등록+공공후견지원사업+사례관리,042-288-4470,36.35505672,127.3833597
경기도,포천시,치매안심센터,포천시치매안심센터,경기도 포천시 삼육사로 2186번길 11-15,치매검진+치매인지강화 프로그램,031-538-4831,37.85346198,127.1593101
경기도,포천시,치매안심센터,포천시치매안심센터 일동분소,경기도 포천시 일동면 소야길9,치매검진+치매인지강화 프로그램,031-538-4547,37.9558113614,127.315347
경기도,포천시,치매안심센터,포천시치매안심센터 영북분소,경기도 포천시 영북면 영북로166,치매검진+치매인지강화 프로그램,031-538-4806,38.0892943195,127.2756336535
부산광역시,금정구,치매안심센터,금정구 치매안심센터,부산광역시 금정구 중앙대로 1777,"치매조기검진, 치매예방프로그램, 치매환자 지원, 치매 인식 개선사업 등",051-519-5678,35.24205368,129.0924546
충청북도,청주시,광역치매센터,충청북도광역치매센터,"충청북도 청주시 서원구 1순환로 767, 지오빌딩 3층","치매인력전문화교육, 치매극복의날기념식, 치매극복걷기대회, 치매파트너운영, 치매특화사업개발, 치매연구조사 등",043-269-6891,36.625449,127.463825
충청북도,청주시,치매안심센터,충청북도 청주시 상당구 치매안심센터,충청북도 청주시 상당구 남일면 단재로 480,"치매조기검진, 치매치료관리비 및 검진비 지원, 치매예방교육,인지강화교실, 치매안심마을운영, 치매환자맞춤형 사례관리,치매공공후견인, 치매환자쉼터 및 가족지원사업,치매파트너 운영, 돌봄재활사업 등",043-201-3100,36.588251,127.5059388388
충청북도,청주시,치매안심센터,충청북도 청주시 서원구 치매안심센터,"충청북도 청주시 서원구 구룡산로 235, 3층 (수곡동, 위너스빌)","치매조기검진, 치매치료관리비 및 검진비 지원, 치매예방교육,인지강화교실, 치매안심마을운영, 치매환자맞춤형 사례관리,치매공공후견인, 치매환자쉼터 및 가족지원사업,치매파트너 운영, 돌봄재활사업 등",043-201-3200,36.616052,127.4713304921
충청북도,청주시,치매안심센터,충청북도 청주시 흥덕구 치매안심센터,"충청북도 청주시 흥덕구 비하로12번길 42, 1층~2층","치매조기검진, 치매치료관리비 및 검진비 지원, 치매예방교육,인지강화교실, 치매안심마을운영, 치매환자맞춤형 사례관리,치매공공후견인, 치매환자쉼터 및 가족지원사업,치매파트너 운영, 돌봄재활사업 등",043-201-3300,36.6299036009,127.4267927994
충청북도,청주시,치매안심센터,충청북도 청주시 청원구 치매안심센터,충청북도 청주시 청원구 오창읍 과학산업3로 238,"치매조기검진, 치매치료관리비 및 검진비 지원, 치매예방교육,인지강화교실, 치매안심마을운영, 치매환자맞춤형 사례관리,치매공공후견인, 치매환자쉼터 및 가족지원사업,치매파트너 운영, 돌봄재활사업 등",043-201-3400,36.7104063494,127.4304713294
부산광역시,수영구,치매안심센터,부산광역시 수영구 치매안심센터,부산광역시 수영구 수영로 637-5(광안동),"치매조기검진, 치매예방프로그램, 치매환자 지원사업, 치매 인식개선 홍보 캠페인 등",051-752-4000,35.16247327,129.1134875
대전광역시,유성구,치매안심센터,대전광역시유성구치매안심센터,대전광역시 유성구 박산로 177 유성구보건소 2층,"치매조기검진, 치매환자 인지프로그램, 가족지원사업, 치매극복의 날 기념행사 등",042-611-5018,36.3538097,127.3286392
부산광역시,동래구,치매안심센터,부산광역시 동래구 치매안심센터,부산광역시 동래구 명륜로187번길 56,"치매상담 및 등록관리, 치매조기검진 및 예방관리, 치매환자쉼터 운영, 치매가족 지원, 치매인식개선 및 교육홍보 등",051-555-4000,35.211408,129.079856
전라북도,완주군,치매안심센터,완주군 치매안심센터,전라북도 완주군 삼례읍 삼봉8로 10-12,"치매환자관리사업, 치매상담",063-290-4380,35.9300447,127.1208616
전라북도,완주군,치매안심센터,완주군 치매안심센터,전라북도 완주군 삼례읍 삼봉8로 10-12,"치매환자관리사업, 치매상담",063-290-4380,35.9214549899,127.1219109175
부산광역시,연제구,치매안심센터,연제구치매안심센터,부산광역시 연제구 거제시장로22번길 70(거제동),"치매조기검진, 상담등록관리, 환자 및 가족 지원, 인식개선",051-665-5481,35.1840299,129.0730755
충청북도,괴산군,치매안심센터,괴산군치매안심센터,충청북도 괴산군 괴산읍 동진천길 43,"치매선별검사, 치매진단검사, 가족교실, 인지교실 등",043-830-2392,36.80799723,127.7966873
경기도,성남시,치매안심센터,수정구보건소 치매안심센터,경기도 성남시 수정구 수정로 218,상담및등록관리+치매조기검진+치매예방관리+치매환자쉼터운영+치매지원서비스+치매가족및보호자지원사업+치매인식개선및교육홍보+치매안심마을운영+치매공공후견사업,031-729-3879,37.4443116,127.1440597
경기도,하남시,치매안심센터,하남시 치매안심센터,경기도 하남시 미사강변대로 200,"치매상담 및 등록관리사업, 치매조기검진, 예방관리사업 등",031-790-6254,37.5676545,127.1858194
경기도,성남시,치매안심센터,중원구보건소 치매안심센터,경기도 성남시 중원구 금상로 137(상대원동),상담및등록관리+치매조기검진+치매예방관리+치매환자쉼터운영+치매지원서비스+치매가족및보호자지원사업+치매인식개선및교육홍보+치매안심마을운영+치매공공후견사업,031-739-3045,37.44215706,127.1705795
경기도,성남시,치매안심센터,분당구보건소 치매안심센터,경기도 성남시 분당구 내정로 94(정자동 한솔마을 711동 1층),무료치매검사+프로그램운영+치매예방관리등,031-729-8783,37.36738858,127.1155093
경기도,양평군,치매안심센터,양평군치매안심센터,경기도 양평군 양평읍 중앙로111번길 34-21,"치매예방관리사업,치매등록관리사업,치매지역사회기반강화",031-771-5773,37.49662351,127.505177
강원도,인제군,치매안심센터,인제군치매안심센터,강원도 인제군 인제읍 인제로140번길 34,"무료치매검사,경증치매환자단기쉼터운영, 인지재활프로그램, 정상군 치매예방교실,치매고위험군 인지강화교실, 치매인식개선, 기타 치매환자 조호물품, 치매치료관리지지원,실종예방사업",033-460-2523,38.06327706,128.1685854
울산광역시,남구,치매안심센터,울산광역시남구치매안심센터,울산광역시 남구 삼산중로 132,"상담 및 등록관리사업,조기검진사업,쉼터운영사업,가족지원사업,치매인식개선홍보사업",052-226-2323,35.54535759,129.3363268
부산광역시,영도구,치매안심센터,부산광역시영도구치매안심센터,부산광역시 영도구 태종로 423,"치매상담 및 정보 제공, 치매조기검진, 치매예방 및 인지강화교실 운영, 치매환자 단기보호쉼터 운영, 치매가족교실 및 힐링까페 운영, 치매치료관리비 지원, 치매환자 조호물품 지원, 치매인식개선사업 운영 등",051-419-4935,35.0912179,129.067935
대구광역시,서구,치매안심센터,서구치매안심센터,대구광역시 서구 북비산로 71길 7,"치매조기검진, 치매예방프로그램, 쉼터 인지재활프로그램, 치매가족교실 등",053-663-3811,35.88016031,128.5723999
강원도,태백시,치매안심센터,태백시치매안심센터,강원도 태백시 태백로 905,"환자쉼터,치매환자가족지지모임치매조기검진(선별,진단,감별검사)치매환자등록관리, 맞춤형사례관리,지원서비스(치료관리비, 조호물품제공),치매예방교실, 이동검진 및 교육치매파트너 양성 및 플러스 활동실종예방지원서비스(인식표,배회감지기,지문사진등록사업) 등",033-550-3042,37.176676,128.9924305
경상남도,밀양시,치매안심센터,밀양시치매안심센터,경상남도 밀양시 삼문중앙로 41,"맞춤형 인지재활 프로그램, 치매환자가족교실, 치매파트너 등",055-359-7086,35.48567011,128.7560608
서울특별시,중구,치매안심센터,중구치매안심센터,서울특별시 중구 청구로8길 22,치매선별검진+치매치료비지원+치매등록관리+치매가족모임+인지건강프로그램,02-2238-3400,37.56130448,127.013703
전라북도,정읍시,치매안심센터,정읍시치매안심센터,전라북도 정읍시 금붕1길 215(금붕동),"치매선별검사 및 진단검사, 치매예방 및 인지강화교실, 인식개선교육, 치매파트너양성, 치매치료관리비지원, 치매사례관리, 배회인식표발급, 치매가족프로그램 및 홍보, 캠페인실시, 치매공공후견인 사업",063-539-6951,35.5543973373,126.8936176
경상남도,진주시,치매안심센터,치매안심센터,경상남도 진주시 문산읍 월아산로 983,"치매선별 및 진단검사,치매안심센터 쉼터운영, 치매극복의 날 행사, 치매파트너, 파트너플러스, 치매안심마을 운영",055-749-5778,35.15910893,128.1636152
경기도,수원시,치매안심센터,장안구치매안심센터,경기도 수원시 장안구 송원로 101 (조원동),치매조기검진+치매치료관리비지원+인지프로그램운영+치매가족지지프로그램 운영 등,031-228-5953,37.30402833,127.0103129
경기도,수원시,치매안심센터,권선구치매안심센터,경기도 수원시 권선구 호매실로 22-50(탑동),치매조기검진+치매치료관리비지원+인지프로그램운영+치매가족지지프로그램 운영+치매인식개선 및 홍보 등,031-228-6964,37.25874424,126.9711281
경기도,수원시,치매안심센터,팔달구치매안심센터,경기도 수원시 팔달구 팔달산로 6(교동),치매조기검진+치매치료관리비지원+인지프로그램운영+치매가족지지프로그램 운영 등,031-228-7794,37.271433,127.0125194
경기도,수원시,치매안심센터,영통구치매안심센터,경기도 수원시 영통구 영통로 396 영통구보건소 5층,무료치매검진+치매치료관리비지원+인지프로그램운영+치매가족지지프로그램 운영+치매인식개선 및 홍보 등,031-228-8447,37.2568819,127.0697092
인천광역시,계양구,치매안심센터,계양구보건소 치매안심센터,인천광역시 계양구 계산새로 88,"치매 조기검진 및 등록, 치매환자지원사업, 치매예방 인지강화 프로그램, 치매인식개선사업, 치매공공후견사업",032-430-7867,37.53744173,126.7377592
인천광역시,계양구,치매안심센터,효성평생건강센터,인천광역시 계양구 봉오대로543번길 21,"치매 조기검진 및 등록, 치매환자지원사업, 치매예방 인지강화 프로그램, 치매인식개선사업",032-450-1838,37.532538,126.7086103
대구광역시,남구,치매안심센터,대구남구치매안심센터,대구광역시 남구 영선길 34,"치매조기검진사업, 치매환자 및 가족프로그램 운영, 치매예방교육 및 인식개선사업 등",053-664-3694,35.853883,128.5915237
대구광역시,동구,치매안심센터,동구보건소 치매안심센터,대구광역시 동구 동촌로 79,인지재활 및 가족지지 프로그램,053-662-3300,35.88812099,128.651234
대구광역시,달서구,치매안심센터,대구달서구치매안심센터,대구광역시 달서구 와룡로 106,"치매예방교실운영, 치매인지강화교실운영, 치매쉼터(인지재활교실)운영, 가족지원프로그램운영 및 자조모임운영, 치매극복의 날 기념행사 등",053-667-5601,35.84208791,128.5376272
광주광역시,남구,치매안심센터,광주광역시 남구 치매안심센터,광주광역시 남구 효우로 80,인지강화교실 및 쉼터 등,062-607-4361,35.10621299,126.9038012
강원도,양양군,치매안심센터,양양군 치매안심센터,강원도 양양군 양양읍 양양로 9-5,치매환자 등록관리/인지재활 프로그램/쉼터 프로그램,033-670-2937,38.07784528,128.6274871
경상북도,울진군,치매안심센터,울진군 치매안심센터,경상북도 울진군 울진읍 읍내8길 61-8,"치매치매조기검진 및 대상자 등록관리, 인지강화프로그램 및 치매가족프로그램 운영, 치매서포터즈 양성",054-789-5025,36.99621755,129.4045994
경기도,파주시,치매안심센터,파주시 치매안심센터,경기도 파주시 조리읍 봉천로 68(건강증진센터 3층),"치매조기검진사업, 치매인식개선 및 예방사업, 치매환자가족(헤아림)교육 및 지지프로그램 운영, 쉼터 운영사업,치매치료비지원사업, 치매파트너 모집, 치매환자 배회인식표제공, 지문등록, 치매안심공동체 운영, 사례관리,치매환자 인지재활 프로그램",031-940-3721,37.745044,126.8050097
전라남도,해남군,치매안심센터,해남군 치매안심센터,전라남도 해남군 해남읍 해남로 46,"치매조기검진, 사례관리, 치매환자 쉼터 및 가족지원, 치매예방 등 프로그램",061-531-3793,34.57046051,126.6120436
서울특별시,동대문구,치매안심센터,동대문구 치매안심센터,서울특별시 동대문구 홍릉로 81,"치매조기검진, 치매환자 등록관리, 치매환자 인지재활프로그램, 가족치유 프로그램, 기억키움학교 운영 등",02-957-3062,37.58751921,127.0427044
인천광역시,미추홀구,치매안심센터,미추홀돌봄의집,"인천광역시 미추홀구 경인로 34번길 20, 6-7층","회상요법, 미술치료, 음악치료 등 인지재활 프로그램",032-883-0310,37.46303119,126.6472839
인천광역시,미추홀구,치매안심센터,미추홀구치매안심센터,"인천광역시 미추홀구 경인로 34번길 20, 5층","치매조기검진, 치매치료관리비지원, 인지재활프로그램 운영, 치매가족교육, 치매관련교육, 조호물품 제공 등",032-728-6560,37.46303118,126.6472782
광주광역시,동구,광역치매센터,광주광역시광역치매센터,"광주광역시 동구 제봉로 27, 한일빌딩 4층","치매극복의날 기념행사, 한마음 치매극복 걷기행사, 치매예방교육 및 시민건강강좌, 치매관련종사자 교육 등",062-226-2181,35.1411286,126.9211291
경기도,군포시,치매안심센터,군포시치매안심센터,"경기도 군포시 군포로 522, 3층","치매예방프로그램, 치매환자 및 가족프로그램",031-389-4981,37.35258222,126.9456563
충청남도,보령시,치매안심센터,보령시치매안심센터,충청남도 보령시 대천로 119,"건강체조, 공예, 웃음치료, 노래교실, 요리 등",041-930-6871,36.35633335,126.6045349
경상남도,남해군,치매안심센터,보건소치매센타,경상남도 남해군 남해읍 선소로 6,치매환자 쉼터 운영 및 치매조기검진,055-860-8793,34.84474988,127.8987479
경기도,남양주시,치매안심센터,남양주보건소 치매안심센터,경기도 남양주시 와부읍 덕소로71번길 5,"치매조기검진,치매환자쉼터,치매가족지원,치매예방관리,치매인식개선",031-590-8700,37.58794943,127.211114
경기도,남양주시,치매안심센터,남양주풍양보건소 치매안심센터,경기도 남양주시 진접읍 금강로 1509-26,"치매조기검진,치매환자쉼터,치매가족지원,치매예방관리,치매인식개선",031-590-4771,37.726331,127.189819
전라남도,강진군,치매안심센터,강진군치매안심센터,전라남도 강진군 강진읍 목리길 11,두뇌튼튼 기억튼튼 쉼터교실,061-430-5950,34.63833623,126.7757100266
경상남도,합천군,치매안심센터,합천군 치매안심센터,경상남도 합천군 합천읍 동서로39,"치매조기검진, 치매진단검사, 치매치료관리비 지원, 치매환자 조호물품 제공, 치매환자 실종예방 사업, 치매환자 쉼터 운영, 치매환자 가족교실 운영",055-930-3730,35.56792811,128.1567534
강원도,강릉시,치매안심센터,강릉시치매안심센터,"강원도 강릉시 남부로17번길 38, 가동",등록관리+조기검진+예방관리+가족지원+인식개선 및 홍보,033-660-3081,37.74287093,128.8827493
서울특별시,구로구,치매안심센터,서울특별시 구로구 치매안심센터,"서울특별시 구로구 디지털로 243, 2층 (지-하이시티 빌딩)",정상 고위험 치매 프로그램 및 인지프로그램 운영 등,02-2612-7041,37.48199097,126.892351
대전광역시,동구,치매안심센터,동구 치매안심센터,대전광역시 동구 현암로 22 (삼성동),"치매 조기검진, 치매환자 쉼터 프로그램, 치매예방 및 인지강화 프로그램, 환자가족 상담 및 힐링프로그램 등",042-621-6011,36.34298696,127.4204617
서울특별시,강서구,치매안심센터,강서구치매안심센터,"서울특별시 강서구 화곡로 371, 경향교회선교관 3층","무료치매검진 및 진단, 치매예방교육, 치매예방인지재활프로그램, 치매가족지지 프로그램 등",02-3663-0943,37.556963,126.852184
서울특별시,강남구,치매안심센터,강남구치매안심센터,서울특별시 강남구 선릉로108길 27,치매조기선별검진 및 정밀검진+인지건강프로그램 및 쉼터 운영 등,02-3410-2114,37.5103117,127.0463776
경상남도,거제시,치매안심센터,거제시 치매안심센터,경상남도 거제시 거제중앙로 13길 25,치매환자 등록 및 관리/ 치매조기검진 / 치매예방교육 및 인식개선/ 치매가족교육 및 자조모임/쉼터프로그램운영,055-639-6226,34.88218472,128.6236992
경기도,이천시,치매안심센터,이천시 치매안심센터,경기도 이천시 증신로153번길 13,치매조기검진사업+치매치료관리비지원사업+치매쉼터프로그램운영+치매환자가족(헤아림) 교육 및 자조모임운영+치매예방 홍보 교육 및 캠페인+치매파트너 모집+치매관련 정보제공+치매환자 배회인식표 제공+자원연계,031-644-4007,37.2889554,127.4523668
경기도,이천시,치매안심센터,남부치매안심센터,경기도 이천시 장호원읍 서동대로8809번길 30-15,치매조기검진사업+치매치료관리비지원사업+치매쉼터프로그램운영+치매환자가족(헤아림) 교육 및 자조모임운영+치매예방 홍보 교육 및 캠페인+치매파트너 모집+치매관련 정보제공+치매환자 배회인식표 제공+자원연계,031-645-3461,37.11672581,127.6148957
강원도,춘천시,치매안심센터,춘천시 치매안심센터,강원도 춘천시 스무숲길 4-46,"치매검진(조기검진 무료, 정밀검진비 지원), 치매환자 치료비(약제비) 지원,  조호물품(기저귀,물티슈)지원, 인식표 제공, 배회감지기 지원, 치매환자 단기쉼터 운영, 치매환자 및 가족 지원, 상담 및 교육, 인지강화프로그램, 치매예방프로그램, 치매 극복의날 행사, 인식개선 및 홍보 등",033-250-4004,37.846002,127.746997
경상남도,통영시,치매안심센터,통영시 치매센터,경상남도 통영시 안개4길 102(무전동),"조기치매검진, 치매환자상담및등록관리, 고위험군집중검진및등록관리, 파트너선도단체양성, 인식개선및홍보, 사례관리운영, 인지강화교실운영, 쉼터운영, 기족교실운영, 치매환자실종예방, 관리비지원, 정밀진단비지원",055-650-6100,34.85979047,128.4323385
경상남도,창녕군,치매안심센터,창녕군 치매안심센터,경상남도 창녕군 창녕읍 우포2로 1189-35,치매환자 등록 및 관리/ 치매조기검진 / 치매예방교육 및 인식개선/ 치매가족교육 및 자조모임/쉼터프로그램운영,055-530-6243,35.543618,128.4900551
광주광역시,북구,치매안심센터,광주광역시북구치매안심센터,광주광역시 북구 북문대로 234(동림동),"무료치매검사,치매치료비지원,인식표배부 등",062-410-6598,35.18696192,126.8668762
경상남도,고성군,치매안심센터,고성군치매안심센터,경상남도 고성군 고성읍 중앙로 35,"치매조기검진, 위치주적기 및 인식표 지원, 재활프로그램운영, 치매 인식개선 교육 홍보 등",055-670-4075,34.97451724,128.3244477
부산광역시,사하구,치매안심센터,사하구 치매안심센터(본소),부산광역시 사하구 까치고개로 50-10,"치매조기검진, 치료관리비 지원, 치매 인식 개선을 위한 홍보 캠페인 등",051-220-5987,35.10448346,129.006333
부산광역시,사하구,치매안심센터,사하구 치매안심센터(분소),부산광역시 사하구 하신중앙로 185,"치매조기검진, 치료관리비 지원, 치매 인식 개선을 위한 홍보 캠페인 등",051-220-0074,35.09496298,128.9615461
서울특별시,중랑구,치매안심센터,서울특별시 중랑구치매안심센터,서울특별시 중랑구 동일로 608 화성빌딩 2~3층,"치매조기검진, 치매예방등록관리, 지역사회자원강화",02-435-7540,37.58464368,127.0801244
서울특별시,금천구,치매안심센터,금천구치매안심센터,"서울특별시 금천구 시흥대로 123길 11(독산1동 주민센터) 6층, 7층","예방 및 인식개선 사업, 조기검진 사업,등록관리사업,치매치료관리비 지원사업, 지역사회 자원 강화사업",02-3281-9082,37.47021905,126.8970437
전라남도,신안군,치매안심센터,신안군치매안심센터,전라남도 신안군 압해읍 천사로 1004,"치매조기검진사업,치매환자관리,치매예방교육,쉼터운영및가족카페,인식개선등",061-240-8081,34.83360218,126.3514253
인천광역시,남동구,치매안심센터,남동구보건소치매안심센터,인천광역시 남동구 소래로 633,"치매예방교육, 인지강화 프로그램, 쉼터 프로그램, 찾아가는 치매예방교육 및 선별검사",032-453-5913,37.4473902,126.7306784
경기도,동두천시,치매안심센터,동두천시치매안심센터,경기도 동두천시 중앙로 167,"치매조기검사(선별검사,진단검사,감별검사),치매예방교육,인지강화프로그램, 치매환자및가족지원프로그램 등",031-860-3395,37.89661147,127.051717
경상남도,의령군,치매안심센터,의령군치매안심센터,경상남도 의령군 의령읍 의병로8길 16-1,"치매환자쉼터, 치매예방교실, 맞춤형 사례관리",055-570-4072,35.31740278,128.2554461
부산광역시,북구,치매안심센터,북구 치매상담센터,부산광역시 북구 금곡대로 348,"치매조기검진, 치매치료비지원, 인지재활프로그램 및 가족교육 등",051-309-7032,35.239295,129.014415
인천광역시,옹진군,치매안심센터,옹진군치매안심센터,인천광역시 옹진군 백령면 백령로 833번길 26-29,"쉼터, 치매예방, 인지강화교실",032-899-3670,37.95793845,124.6647433
전라남도,영암군,치매안심센터,영암군치매안심센터,전라남도 영암군 영암읍오리정길39,"치매환자 쉼터, 치매예방교실인지강화교실",061-470-6030,34.79533941,126.7033414
경상북도,예천군,치매안심센터,예천군치매안심센터,경상북도 예천군 예천읍 군청길 33,"치매조기검진, 치매등록,치매환자쉼터, 인지강화교실, 치매예방교실, 치매예방교육, 치매서포터즈 및 치매극복선도단체 양성, 치매보듬마을 운영, 우리마을예쁜치매쉼터운영, 치매환자사례관리, 치매환자가족교실,자조모임운영,치매치료관리비지원, 조호물품제공, 배회인식표 및 지문인기 등록, 치매극복 전국걷기행사, 치매극복의날 기념 행사,치매관사업 DB자료 등록 및 분석",054-650-8100,36.65769827,128.4529801
울산광역시,동구,치매안심센터,울산광역시 동구보건소 치매안심센터,울산광역시 동구 봉수로 155,"쉼터 운영,인지강화 및 인지재활 프로그램,힐링프로그램,자조모임",052-209-4060,35.505086,129.4164300357
강원도,원주시,치매안심센터,원주시치매안심센터,강원도 원주시 지니기길 11-20,치매조기검사,033-737-4541,37.32470828,127.924847
인천광역시,연수구,치매안심센터,연수구치매안심센터,인천광역시 연수구 예술로20번길 15,"무료치매검진, 등록관리, 교육홍보,인지개선프로그램, 가정방문(사례관리), 치매치료비 지원 등",032-749-8966,37.4357471,126.699593
전라남도,장흥군,치매안심센터,장흥군보건소 치매안심센터,전라남도 장흥군 장흥읍 동교1길 13,"치매예방 및 인식개선(교육, 홍보, 선도기관, 파트너양성)치매조기검진(선별, 진단,정밀)치매예방등록사업(상담 및 사례관리, 환자 및 가족 지원, 인지강화 프로그램, 에방교실), 치매안심마을 운영, 치매쉼터, 치매실종예방사업, 치매치료비 지원, 치매조호물품지원,치매지역사회 지원강화, 치매통합관리 정보시스템 구축 운영",061-860-6498,34.6770039,126.907038
광주광역시,서구,치매안심센터,서구 치매안심센터,광주광역시 서구 운천로172번길 32(쌍촌동),"치매조기검진, 치료관리비 지원, 실종예방 인식표 보급, 치매 인식 개선 홍보 캠페인 등",062-350-4759,35.1481692,126.8601743
경상북도,경주시,광역치매센터,경상북도 광역치매센터,경상북도 경주시 동대로 87 동국대학교경주병원 5층,치매관리사업기획교육사업진단 및 조호인프라 구축연구 및 지역특화사업대국민인식개선사업,054-777-6400,35.85850364,129.1928772
경상북도,군위군,치매안심센터,군위군치매안심센터,경상북도 군위군 군위읍 군청로 70,"조기검진, 상담및등록, 조호물품제공, 치매환자쉼터 운영 등",054-851-6000,36.2296599815,128.5699045819
충청남도,당진시,치매안심센터,당진시치매안심센터,충청남도 당진시 서부로 56,"치매조기검진, 사랑채, 쉼터, 권역별쉼터, 고대안심마을, 가족지원, 치매인식개선, 치매파트너",041-360-6075,36.88735969,126.6304725
충청북도,제천시,치매안심센터,제천시치매안심센터,충청북도 제천시 의림대로 242,"무료치매조기검진, 치매예방 및 인지재활 프로그램, 치매환자지원(치료비, 조호물품 등) 및 치매파트너 양성 등",043-641-3058,37.1493417043,128.2160864969
부산광역시,부산진구,치매안심센터,부산진구치매안심센터,부산광역시 부산진구 새싹로253,"치매조기검진, 치매대상자 등록관리, 치매치료관리비지원, 치매인식개선 및 홍보 등",051-605-6107,35.178777,129.0475494
전라북도,전주시,광역치매센터,전라북도광역치매센터,전라북도 전주시 덕진구 견훤로 393 2층,"치매관리사업 계획 및 치매연구치매안심센터 및 노인복지시설 기술지원치매관련 종사인력에 대한 교육, 훈련 치매환자 및 가족에 대한 치매의 예방 교육 및 홍보 등",063-247-6082,35.846046,127.152587
전라남도,곡성군,치매안심센터,곡성군치매안심센터,전라남도 곡성군 곡성읍 곡성로854,"등록관리, 쉼터,예방 등",061-360-8981,35.2788671618,127.2969045762
부산광역시,남구,치매안심센터,부산광역시남구 치매안심센터,부산광역시 남구 수영로 155(대연동),"인지재활프로그램, 고위험군 인지강화교실, 치매예방교실 등",051-607-3771,35.13495561,129.0835533
전라남도,고흥군,치매안심센터,고흥군 치매안심센터,전라남도 고흥군 고흥읍 등암3길 5,치매검진 및 예방 교육 가족교실 및 인지강화교실 운영,061-830-6638,34.5919855,127.2692469
부산광역시,동구,치매안심센터,부산광역시 동구보건소 치매안심센터,부산광역시 동구 구청로 14,"치매조기검진, 쉼터, 인지재활프로그램, 가족지원사업 등",051-440-6443,35.12832585,129.0450622
강원도,고성군,치매안심센터,고성군치매안심센터,강원도 고성군 간성읍 수성로 30,"치매조기검진사업, 쉼터, 가족지지, 인지재활 등",033-680-3798,38.37761662,128.4721409
전라남도,목포시,치매안심센터,목포시 치매안심센터,전라남도 목포시 수문로32,"치매선별검사,치매인지재활프로그램, 치매환자등록관리",061-270-4271,34.79313246,126.3829319
인천광역시,중구,치매안심센터,중구치매안심센터,인천광역시 중구 참외전로72번길 21,"치매조기검진(선별,진단,감별검사), 치매환자등록관리, 맞춤형사례관리, 치매치료관리비 지원, 조호물품 지원, 치매안심마을 만들기, 공공후견인사업운영, 치매예방교실 운영(미술활동, 치매예방운동, 보드게임,한지공예,원예교실 등), 가족힐링프로그램(드라이플라워, 자조모임 등), 쉼터운영(운동치료,요리치료,미술치료,음악치료,감각활동,전산화인지재활,인지카드학습), 치매인식개선 및 홍보 사업, 치매파트너 양성사업 등.",032-760-6063,37.47721594,126.6291077
전라남도,장성군,치매안심센터,장성군치매안심센터,전라남도 장성군 장성읍 성산5길 17,"무료치매진단 및 선별검사, 치매극복의 날 캠페인, 치매파트너즈 교육, 치매예방, 인지재활교실 운영, 치매치료관리비 지원, 치매환자 쉼터, 가족카페 등",061-390-7160,35.3233003,126.808367
경상북도,봉화군,치매안심센터,봉화군치매안심센터,경상북도 봉화군 봉화읍 봉화로 1203,"치매상담 및 등록, 치매 조기검진, 치매환자 조호물품 지원, 치매환자 배회감지기 지원, 치매치료관리비 지원, 치매환자 맞춤형 사례관리, 치매환자쉼터(봉화,춘양,재산,명호) 운영, 치매보듬마을 조성사업, 치매인식개선 교육 및 홍보, 치매선도학교 및 서포터즈 운영, 치매보듬쉼터 운영, 치매예방 인지강화프로그램 운영, 치매안심병원 성과기반 인센티브 제공 시범사업 운영, 산림농업 치유프로그램 연계사업 운영",054-679-6791,36.89071878,128.7418543
전라북도,전주시,치매안심센터,전주시 치매안심센터,전라북도 전주시 완산구 전라감영로 33,"치매환자 등록관리, 인지재활프로그램,가정방문사례관리 등",063-281-6291,35.81584604,127.1433514
전라남도,완도군,치매안심센터,완도군치매안심센터,전라남도 완도군 완도읍 농공단지길 34,치매조기검진 치매예방관리사업 치매사례관리 치매인식개선 및 홍보 치매공공후견인 치매치료관리비 지원사업,061-550-5810,34.33582329,126.731327
부산광역시,해운대구,치매안심센터,부산광역시 해운대구,부산광역시 해운대구 양운로 37번길 59,"치매조기검진(선별,정밀)치매환자 상담 및 등록관리조호물품지원치매치료비지원치매환자 공공후견인지원치매예방교실인지강화교실(두근두근뇌운동)인지재활교실 가족교실(헤아림)가족모임지원 등",051-749-0770,35.16410942,129.1786558
전라북도,군산시,치매안심센터,군산시치매안심센터,전라북도 군산시 공단대로 482(나운동),"무료치매검사, 치매환자쉼터운영,치매예방 및 인지강화프로그램 운영 등",063-454-5870,35.9646059,126.6897785
경상남도,양산시,치매안심센터,양산시치매안심센터,경상남도 양산시 중앙로 7-32,"치매조기검진 및 예방 사업, 치매치료비 지원, 치매 환자 및 가족 지원 사업",055-392-5175,35.33215753,129.0379934
부산광역시,서구,치매안심센터,서구치매안심센터,부산광역시 서구 구덕로 127,"치매조기검진, 등록관리, 인지향상교육, 의료비지원, 지역자원연계, 치매예방교육 및 인식개선사업 등",051-240-4912,35.09633258,129.022058
강원도,동해시,치매안심센터,강원도동해시치매안심센터,강원도 동해시 발한로 227 1층,"조기검진 및 상담, 치매치료관리비지원, 조호물품지원, 치매환자교실운영, 치매가족교실운영, 가족카페운영",033-530-2426,37.5495162,129.1081409
전라북도,장수군,치매안심센터,장수치매정신통합센터,"전라북도 장수군 장수읍 장천로 255-10, 2층","상담 등록서비스, 치매조기검진서비스. 치매치료관리비 지원, 조호물품 지원, 맞춤형 사례관리 서비스,치매환자 쉼터 프로그램 운영, 치매환자 가족지원서비스, 치매예방관리사업, 치매인식개선사업",063-350-2611,35.65513121,127.5191364
경기도,광주시,치매안심센터,치매안심센터,"경기도 광주시 초월읍 경충대로 1009-40, (쌍동리)","치매 조기검진, 맞춤형 사례관리 등치매예방 및 관리 서비스 제공",031-760-2521,37.36884573,127.3027505
광주광역시,동구,치매안심센터,동구치매안심센터,"광주광역시 동구 서남로 14, 7층","치매조기검진, 치매파트너 양성, 치매치료비지원, 인지재활교육, 치매예방교육",062-608-3490,35.14495168,126.9231621
강원도,철원군,치매안심센터,철원군치매안심센터,강원도 철원군 갈말읍 군탄로16,치매어르신쉼터프로그램+농촌치유프로그램+치매조기검진 및 진단검사+치매예방교실프로그램+찾아가는경노당프로그램+분소운영+치매안심마을프로그램+치매인식개선캠페인 및 파트너양성교육+치매실종예방교실,033-450-5105,38.1481382,127.3025602
강원도,평창군,치매안심센터,평창군치매안심센터,강원도 평창군 평창읍 종부로 61,"치매환자 쉼터프로그램, 치매가족헤아림프로그램, 치매예방인지재활프로그램, 치매재가환자방문인지재활프로그램",033-330-4900,37.36049168,128.388852
전라남도,담양군,치매안심센터,담양군치매안심센터,전라남도 담양군 담양읍 완동길 10-5,치매상담 및 등록관리사업+일반조기검진사업+치매치료관리비지원+치매환자조호물품제공+배회가능어르신인식표발급+인지강화프로그램운영+치매예방교육운영+치매예방교실운영+치매환자쉼터프로그램운영+헤아림가족교실운영+치매파트너양성+치매극복선도단체양성+치매환자맞춤형사례관리사업,061-380-3986,35.32470339,126.9807889
전라남도,광양시,치매안심센터,광양시 치매안심센터,전라남도 광양시 광양읍 호북길 13-3,"치매조기검진,치매가족자조모임,사례관리,인지강화프로그램",061-797-4059,34.980119,127.583648
서울특별시,용산구,치매안심센터,용산구치매안심센터,서울특별시 용산구 녹사평대로 150,"조기검진사업, 치매환자등록관리사업, 치매환자쉼터 운영사업, 가족모임운영, 교육 및 인지프로그램운영, 치매예방관리사업, 홍보사업, 치매파트너 양성, 지역자원강화사업 등",02-790-1541,37.5324394,126.9904783
서울특별시,동작구,치매안심센터,동작구치매안심센터,서울특별시 동작구 남부순환로 2025,"치매환자 상담 및 등록관리, 치매조기검진, 치매예방관리, 치매환자쉼터운영, 치매가족지원, 치매인식개선및교육홍보, 치매안심마을운영",02-598-6088,37.47643044,126.9736106
충청남도,청양군,치매안심센터,청양군치매안심센터,충청남도 청양군 청양읍 칠갑산로 7길 54,"치매환자쉼터, 인지재활프로그램, 치매가족교실, 치매자조모임, 치매예방교실",041-940-4500,36.45501978,126.8049308
경기도,안산시,치매안심센터,안산시상록수보건소 치매안심센터,경기도 안산시 상록구 차돌배기로1길 5,"조기검진, 등록관리, 예방및홍보, 쉼터및가족카페 운영",031-481-5857,37.30026357,126.8450629
경기도,안산시,치매안심센터,안산시단원보건소 치매안심센터,"경기도 안산시 단원구 화랑로 250,단원보건소 3층","조기검진, 등록관리, 예방및홍보, 쉼터및가족카페 운영",031-481-6556,37.32106713,126.8152625
전라북도,진안군,치매안심센터,진안군치매안심센터,전라북도 진안군 진안읍 진무로 1189,"치매조기검진, 치매의료비지원, 치매극복의날 기념행사, 한마음 치매극복 걷기대회, 치매환자 및 가족 프로그램, 치매인식개선사업, 치매안심마을운영, 치매공공후견인사업, 치매파트너 및 파트너플러스 양성, 치매극복선도단체, 맞춤형 돌봄 사례 등관리, 실종예방사업, 쉼터운영, 조호물품지원 등",063-430-8582,35.7973085385,127.4347748367
경상북도,청송군,치매안심센터,청송군치매안심센터,경상북도 청송군 청송읍 의료원길 19,"치매조기검진, 치매환자쉼터, 인지강화교실, 치매예방교실, 치매예방교육, 치매서포터즈 및 치매극복선도단체 양성, 치매보듬마을 운영, 우리마을예쁜치매쉼터운영, 치매환자사례관리, 치매환자가족교실,자조모임운영,치매치료관리비지원, 조호물품제공, 배회인식표 및 지문인기 등록, 치매극복 전국걷기행사, 치매극복의날 기념 행사,치매관사업 DB자료 등록 및 분석",054-870-7341,36.43113169,129.0518042
경기도,안양시,치매안심센터,동안치매안심센터,경기도 안양시 동안구 관악대로 375,무료 치매검사+쉼터운영+치매극복의 날 기념행사 등,031-8045-6801,37.40478889,126.9645303
서울특별시,서대문구,치매안심센터,서대문구치매안심센터,서울특별시 서대문구 연희로 290,경증 치매환자 대상 단기 보호(쉼터)운영+치매가족교육+온라인 치매예방 프로그램+치매어르신 바리스타 활동(카페운영)+야외 치유 프로그램 등,02-379-0183,37.58292926,126.9364454
경상북도,안동시,치매안심센터,경상북도 안동시 치매안심센터,경상북도 안동시 보현로12,치매검진+치매상담+치매쉼터+인지강화교실+치매예방교실+조호물품지원+치매가족지원,054-840-5789,36.55003666,128.7588531
서울특별시,노원구,치매안심센터,노원구치매안심센터,서울특별시 노원구 노해로437 노원구청 5층,치매조기검진+치매예방 및 등록관리+치매치료비 지원+쉼터 및 일상생활훈련센터 운영+지역자원강화 사업 등,02-911-7778,37.654126,127.056798
서울특별시,성북구,치매안심센터,성북구치매안심센터,"서울특별시 성북구 화랑로63,성북구보건소 5층",등록관리+선별검진+정밀검진+치료비지원+원인확진검사비 지원+예방 및 재활 프로그램,02-918-2223,37.60270967,127.0395315
경상남도,산청군,치매안심센터,산청군 치매안심센터,경상남도 산청군 산청읍 중앙로97,"등록관리, 조기검진,인지강화,예방교실, 단기쉼터 및 치매 카페 운영, 치매 인식개선 및 홍보, 치매치료관리 지원 등",055-970-7647,35.41608206,127.8842381
경기도,여주시,치매안심센터,여주시치매안심센터,경기도 여주시 여흥로 160번길 12,"예방프로그램, 쉼터, 치매인식개선사업, 조기검진사업",031-887-3601,37.2947783225,127.6399084437
경기도,여주시,치매안심센터,북부치매안심센터,경기도 여주시 대신면 풍양1길 16,"예방프로그램, 쉼터, 치매인식개선사업, 조기검진사업",031-887-3601,37.37205549,127.5852432
경기도,여주시,치매안심센터,남부치매안심센터,경기도 여주시 점동면 청안로 130-6,"예방프로그램, 쉼터, 치매인식개선사업, 조기검진사업",031-887-3601,37.20571617,127.6624173
경기도,가평군,치매안심센터,가평군치매안심센터,경기도 가평군 가평읍 가화로 155-18,"맞춤형사례관리, 인지강화 및 치매예방교실, 단기쉼터운영, 치매파트너 및 파트너플러스 양성, 치매가족지지프로그램, 인식강화 등",031-580-2849,37.8335569,127.5104515
제주특별자치도,제주시,치매안심센터,제주동부치매안심센터,제주특별자치도 제주시 구좌읍 김녕로14길 6,치매조기검진 및 예방사업.등록관리사업.치매가족지원사업.인식개선 및 교육홍보사업. 치매안심마을 운영.실종노인 예방.치매공공후견사업등,064-728-7551,33.5543823,126.7513422
제주특별자치도,제주시,치매안심센터,제주시서부치매안심센터,제주특별자치도 제주시 한림읍 강구로 5,"치매조기검진 지원, 치매환자 및 가족 상담, 인지재활프로그램 등",064-728-8661,33.41208361,126.2695292
제주특별자치도,제주시,치매안심센터,제주시제주보건소 치매안심센터,제주특별자치도 제주시 연삼로 264,치매상담 및 등록관리. 치매조기검진. 치매예방 및 인지강화교실. 경증치매쉼터운영. 치매가족지원. 인식개선 및 교육홍보사업.안심마을 운영 등,064-728-8490,33.49159994,126.520239
부산광역시,서구,광역치매센터,부산광역시광역치매센터,부산광역시 서구 대신공원로26,"치매예방, 두드림 복합운동교실, 치매예방 두드림 인지교실 및 가상현실(VR) 인지프로그램",051-240-2560,35.11954591,129.0180242
전라남도,무안군,치매안심센터,무안군치매안심센터,전라남도 무안군 무안읍 불무로 38-9,"치매조기검진, 치매상담 및 등록관리, 치매예방교육, 인지강화교실, 쉼터, 가족교실, 자조모임, 치매인식개선교육",061-450-5075,34.98830097,126.4735172
전라남도,영광군,치매안심센터,영광군치매안심센터,전라남도 영광군 영광읍 신남로 4길 17,"등록관리, 프로그램 운영 등",061-350-4806,35.27468261,126.5041643
전라남도,함평군,치매안심센터,함평군보건소,전라남도 함평군 함평읍 중앙길 54-8,"치매조기검진, 치매예방교실, 인지향상프로그램,  치매치료관리비지원, 치매환자등록관리, 실종예방사업 등",061-320-2390,35.061896,126.524248
서울특별시,은평구,치매안심센터,은평구치매안심센터,서울특별시 은평구 연서로34길 11,"치매 조기검진 및 등록관리, 치료비 지원 및 사례관리, 인지건강프로그램 운영, 치매예방 교육 및 홍보",02-388-8233,37.6215461,126.9277208
전라북도,부안군,치매안심센터,부안군 치매센터,전라북도 부안군 부안읍 오리정로 124,"무료치매검사, 진단검사 치매극복의 날 기념행사, 쉼터 운영등",063-580-3066,35.72283463,126.7355916
경상북도,포항시,치매안심센터,포항시남구치매안심센터,경상북도 포항시 남구 오천읍 남원로 43,"치매조기검진, 상담 및 등록, 치매예방 및 치매환지쉼터 프로그램 운영, 치매지원서비스(치매치료관리비, 조호물품 제공, 맞춤형사례관리), 실종노인의 발생예방 및 찾기 사업, 치매가족 및 보호자 지원 사업, 치매인식개선 사업 등",054-270-4260,35.9704125023,129.4051469638
경상북도,포항시,치매안심센터,포항시북구치매안심센터,경상북도 포항시 북구 삼흥로 96(장성동),"치매조기검진, 상담 및 등록, 치매예방 및 치매환지쉼터 프로그램 운영, 치매지원서비스(치매치료관리비, 조호물품 제공, 맞춤형사례관리), 실종노인의 발생예방 및 찾기 사업, 치매가족 및 보호자 지원 사업, 치매인식개선 사업 등",054-270-4171,36.0707218217,129.3797118808
경기도,시흥시,치매안심센터,시흥시 치매안심센터(연성센터),경기도 시흥시 장현천1길 32,치매조기검진/치매의료비 및 검진비 지원/ 치매예방교육/ 치매환자쉼터 및 가족지원사업 등,031-310-6825,37.38413218,126.8021091
경기도,시흥시,치매안심센터,시흥시 치매안심센터(정왕센터),경기도 시흥시 정왕대로233번길 19,치매조기검진/치매의료비 및 검진비 지원/ 치매예방교육/ 치매환자쉼터 및 가족지원사업 등,031-310-5930,37.34672069,126.7401529
경기도,시흥시,치매안심센터,시흥시 치매안심센터(대야신천센터),경기도 시흥시 호현로 55,치매조기검진/치매의료비 및 검진비 지원/ 치매예방교육/ 치매환자쉼터 및 가족지원사업 등,031-310-5857,37.445579,126.785283
경기도,안성시,치매안심센터,안성시 치매안심센터,경기도 안성시 강변로 74번길 18,"치매조기검진 및 환자등록, 맞춤형 사례관리, 치매쉼터 운영, 치매예방교실, 가족교육, 치매치료관리비지원, 실종예방 지문인식 및 배회인식표발급,  등",031-678-3003,37.0001476,127.2698156
서울특별시,송파구,치매안심센터,서울특별시송파구치매안심센터,서울특별시 송파구 충민로 184,"치매조기검진, 치매인식개선 및 등록관리사업, 쉼터 및 인지건강프로그램 운영 등",02-2147-5050,37.48578411,127.1341622
충청남도,계룡시,치매안심센터,계룡시 치매센터,충청남도 계룡시 장안로 54,무료치매검사,042-840-3681,36.2730058,127.250047
경상북도,영양군,치매안심센터,영양군치매안심센터,"경상북도 영양군 영양읍 동서대로 82, 3층 치매안심센터","치매조기검진 및 등록사업, 사례관리, 치매치료관리비 지원, 조호물품제공, 치매환자쉼터 및 가족카페 운영, 치매인식개선 및 교육홍보, 치매어르신 실종예방 사업 등",054-680-5100,36.66194441,129.1180656
전라북도,고창군,치매안심센터,고창군 치매안심센터,전라북도 고창군 고창읍 전봉준로 90,"치매환자 등록관리, 인지증진 및 재활프로그램, 맞춤형사례관리, 가족지원프로그램 등",063-560-8725,35.4437625509,126.6832504419
대전광역시,중구,광역치매센터,대전광역치매센터,대전광역시 중구 문화로 282,"치매관리 인프라/네트워크 구축,대국민인식개선사업, 교육,연구,조호사업",042-280-8968,36.31684464,127.4153053
대전광역시,동구,치매안심센터,동구치매안심센터,대전광역시 동구 현암로 22,"상담, 등록,조기검진,1:1사례관리, 단기쉼터, 치매카페운영",042-621-6011,36.34298597,127.4204612
대전광역시,중구,치매안심센터,중구치매안심센터,대전광역시 중구 중앙로 100,"상담, 등록,조기검진,1:1사례관리, 단기쉼터, 치매카페운영",042-288-8180,36.32557592,127.4212943
경상북도,청도군,치매안심센터,청도군치매안심센터,경상북도 청도군 화양읍 산성강변길 472,치매진단등록+환자쉼터+인지재활치료+비약물치료,054-370-6470,35.654342,128.7381579
경기도,안양시,치매안심센터,만안치매안심센터,경기도 안양시 만안구 문예로 48 (6층),무료 치매검사+쉼터 운영+치매극복의 날 기념행사 등,031-8045-3180,37.38589781,126.9329448
대전광역시,서구,치매안심센터,서구치매안심센터,대전광역시 서구 둔산서로 100,"상담, 등록,조기검진,1:1사례관리, 단기쉼터, 치매카페운영",042-288-4470,36.355071,127.3833597
대전광역시,유성구,치매안심센터,유성구치매안심센터,대전광역시 유성구 박산로 177,"상담, 등록,조기검진,1:1사례관리, 단기쉼터, 치매카페운영",042-611-5112,36.354491,127.328811
대전광역시,대덕구,치매안심센터,대덕구치매안심센터,대전광역시 대덕구 동춘당로 187,"상담, 등록,조기검진,1:1사례관리, 단기쉼터, 치매카페운영",042-608-4491,36.36720857,127.4308384
전라남도,순천시,광역치매센터,전라남도광역치매센터,전라남도 순천시 순광로 221,"치매관련 자원 발굴, 치매 연구·통계",061-286-6041,34.96375005,127.542936
전라남도,여수시,치매안심센터,여수시치매안심센터,전라남도 여수시 신월로 794,"등록관리, 프로그램 운영 등",061-659-5440,34.73915914,127.7260493
전라남도,순천시,치매안심센터,순천시치매안심센터,전라남도 순천시 중앙로 232,"치매선별검사, 인지재활프로그램 등",061-749-8888,34.96667705,127.4860726
전라남도,나주시,치매안심센터,나주시치매안심센터,전라남도 나주시 이창동 풍물시장2길 57-32,"치매조기검진, 프로그램 운영 등",061-339-2101,34.99522645,126.708224
전라남도,광양시,치매안심센터,광양시치매안심센터,전라남도 광양시 광양읍 호북길 13-3,"치매조기검진, 상담등록관리 등 운영",061-797-4059,34.98010194,127.5836099874
전라남도,담양군,치매안심센터,담양군치매안심센터,전라남도 담양군 담양읍 완동길 10-5,"치매환자 쉼터 운영, 조기검진",061-380-2963,35.32470177,126.9807438
전라남도,곡성군,치매안심센터,곡성군치매안심센터,전라남도 곡성군 곡성읍 곡성로 854,"등록관리, 쉼터,예방 등",061-360-8981,35.27886716,127.2969046
전라남도,구례군,치매안심센터,구례군치매안심센터,전라남도 구례군 구례읍 동편제길 30,"치매쉼터프로그램, 치매예방교실, 인지강화 교실",061-780-2023,35.21607284,127.4617801
전라남도,고흥군,치매안심센터,고흥군치매안심센터,전라남도 고흥군 고흥읍 등암3길 5,"조기검진,치매관리",061-830-6969,34.5919855,127.2692469
전라남도,보성군,치매안심센터,보성군치매안심센터,전라남도 보성군 보성읍 갱맹골길 206,"조기검진, 치매등록, 쉼터, 인지강화교실 등",061-850-8695,34.76645647,127.0712437
전라남도,화순군,치매안심센터,화순군치매안심센터,전라남도 화순군 화순읍 충의로 40,"치매조기검진, 프로그램 운영 등",061-379-5317,35.05539364,126.9820968
전라남도,장흥군,치매안심센터,장흥군치매안심센터,전라남도 장흥군 동교1길 13,"등록관리, 조기검진, 프로그램 운영 등",061-860-6498,34.67707296,126.9070034
전라남도,강진군,치매안심센터,강진군치매안심센터,전라남도 강진군 강진읍 목리길 11,"등록관리, 치매조기검진, 프로그램 운영 등",061-430-5942,34.63833623,126.7757100266
전라남도,해남군,치매안심센터,해남군치매안심센터,전라남도 해남군 해남로 46,"치매환자쉼터, 가족교실, 치매예방 및 인지강화교실",061-531-3703,34.600073,126.599957
전라남도,영암군,치매안심센터,영암군치매안심센터,전라남도 영암군 오리정길 39,"쉼터, 안심마을",061-470-6030,34.79533941,126.7033414
전라남도,무안군,치매안심센터,무안군치매안심센터,전라남도 무안군 무안읍 불무로 38-9,"치매조기검진, 상담 및 등록관리, 프로그램운영 등",061-450-5067,34.98830267,126.4735676
전라남도,함평군,치매안심센터,함평군치매안심센터,전라남도 함평군 함평읍 중앙길 54-8,"치매조기검진, 쉼터운영 등",061-320-2507,35.0618959,126.524249
전라남도,장성군,치매안심센터,장성군치매안심센터,전라남도 장성군 장성읍 성산5길 17,"치매조기검진, 상담 및 등록관리, 프로그램운영 등",061-390-7160,35.3233003,126.808367
전라남도,완도군,치매안심센터,완도군치매안심센터,전라남도 완도군 완도읍 농공단지길 34,"치매조기검진, 사례관리, 치료비 지원",061-550-5810,34.33582329,126.7313246
전라남도,진도군,치매안심센터,진도군치매안심센터,전라남도 진도군 진도읍 남동1길 40-9 진도군보건소,"등록관리,예방교실 운영",061-540-6962,34.48037351,126.2629165
전라남도,신안군,치매안심센터,신안군치매안심센터,"전라남도 신안군 압해읍 천사로 1004, 보건소 1층","치매조기검진, 사례관리 등",061-243-8550,34.83360218,126.3514253
경상북도,고령군,치매안심센터,고령군치매안심센터,경상북도 고령군 대가야읍 왕릉로 56-5,"치매예방프로그램, 고위험군인지강화프로그램, 치매조기검진 및 진단·감별검사, 치매환자쉼터, 가족교실, 치매환자 맞춤형 사례관리, 인식개선 및 홍보사업",054-950-7961,35.72523408,128.2648145
경기도,용인시,치매안심센터,용인시처인구치매안심센터,경기도 용인시 처인구 중부대로 1199,"무료치매검사, 치매예방프로그램 운영, 치매환자 및 가족프로그램 운영, 치매인식개선 사업 등",031-324-2700,37.240867332,127.1779683677
경기도,용인시,치매안심센터,용인시기흥구치매안심센터,경기도 용인시 기흥구 신갈로58번길 11,"치매예방교실, 치매가족카페, 치매진단검사, 치매가족교실",031-324-6981,37.2726060256,127.1067678384
경기도,용인시,치매안심센터,용인시수지구치매안심센터,"경기도 용인시 수지구 문정로20, 3층","상담 및 등록관리사업, 치매조기검진 및 예방관리사업, 치매환자쉼터 운영사업, 치매가족 지원사업, 치매인식개선 및 교육 홍보사업, 치매안심마을 운영",031-324-8516,37.3227665806,127.0963427943
부산광역시,강서구,치매안심센터,부산광역시 강서구 치매안심센터,부산광역시 강서구 낙동북로102번길 76,"치매상담 및 등록,치매조기검진사업,치매예방교실,치매환자쉼터,치매가족교실,치매치료비지원,치매환자조호물품지원,치매인식개선사업 등",051-970-2610,35.21620512,128.9376702
부산광역시,기장군,치매안심센터,기장군 치매안심센터,부산광역시 기장군 정관읍 용수로 11,"치매 선별검사, 치매환자 인지재활 프로그램, 치매환자가족교실, 자조모임, 치매 예방교육 등",051-709-2982,35.31331082,129.2442307
